{
  "info": {
    "_postman_id": "a9c9c7b2-8a10-4c9a-b1d5-apt-tenant-001",
    "name": "Apartment & Tenant Management API",
    "schema": "https://schema.getpostman.com/json/collection/v2.1.0/collection.json"
  },
  "item": [

    {
      "name": "Apartments",
      "item": [
        {
          "name": "Get All Apartments",
          "request": {
            "method": "GET",
            "url": {
              "raw": "{{base_url}}/apartments",
              "host": ["{{base_url}}"],
              "path": ["apartments"]
            }
          }
        },
        {
          "name": "Create Apartment",
          "request": {
            "method": "POST",
            "header": [
              { "key": "Accept", "value": "application/json" }
            ],
            "body": {
              "mode": "formdata",
              "formdata": [
                { "key": "name", "value": "Apartment A", "type": "text" },
                { "key": "rent", "value": "15000", "type": "text" },
                { "key": "image", "type": "file" }
              ]
            },
            "url": {
              "raw": "{{base_url}}/apartments",
              "host": ["{{base_url}}"],
              "path": ["apartments"]
            }
          }
        }
      ]
    },

    {
      "name": "Tenants",
      "item": [
        {
          "name": "Get All Tenants",
          "request": {
            "method": "GET",
            "url": {
              "raw": "{{base_url}}/tenants",
              "host": ["{{base_url}}"],
              "path": ["tenants"]
            }
          }
        },
        {
          "name": "Create Tenant",
          "request": {
            "method": "POST",
            "header": [
              { "key": "Accept", "value": "application/json" }
            ],
            "body": {
              "mode": "formdata",
              "formdata": [
                { "key": "name", "value": "Rahim", "type": "text" },
                { "key": "phone", "value": "01700000001", "type": "text" },
                { "key": "image", "type": "file" }
              ]
            },
            "url": {
              "raw": "{{base_url}}/tenants",
              "host": ["{{base_url}}"],
              "path": ["tenants"]
            }
          }
        }
      ]
    },

    {
      "name": "Bookings",
      "item": [
        {
          "name": "Get All Bookings",
          "request": {
            "method": "GET",
            "url": {
              "raw": "{{base_url}}/bookings",
              "host": ["{{base_url}}"],
              "path": ["bookings"]
            }
          }
        },
        {
          "name": "Create Booking",
          "request": {
            "method": "POST",
            "header": [
              { "key": "Accept", "value": "application/json" }
            ],
            "body": {
              "mode": "raw",
              "raw": "{\n  \"apartment_id\": 1,\n  \"tenant_id\": 1,\n  \"start_date\": \"2025-01-01\",\n  \"end_date\": \"2025-06-30\"\n}",
              "options": {
                "raw": { "language": "json" }
              }
            },
            "url": {
              "raw": "{{base_url}}/bookings",
              "host": ["{{base_url}}"],
              "path": ["bookings"]
            }
          }
        }
      ]
    },

    {
      "name": "Dashboard",
      "item": [
        {
          "name": "Dashboard Summary",
          "request": {
            "method": "GET",
            "url": {
              "raw": "{{base_url}}/dashboard/summary",
              "host": ["{{base_url}}"],
              "path": ["dashboard", "summary"]
            }
          }
        }
      ]
    }

  ],
  "variable": [
    {
      "key": "base_url",
      "value": "http://127.0.0.1:8000/api/v1",
      "type": "string"
    }
  ]
}
